"","team","experience","salary","points3","points2","points1","points","off_rebounds","def_rebounds","assists","steals","blocks","turnovers","fouls","efficiency"
"1","BOS",9,26.5401,86,293,108,952,95,370,337,52,86,115,138,19.5294117647059
"2","BOS",11,12,27,186,67,520,118,248,140,51,62,77,211,10.9
"3","BOS",6,8.269663,108,251,68,894,65,269,122,68,11,88,141,16.3636363636364
"4","BOS",0,1.45,1,2,3,10,2,2,3,0,0,0,0,2.6
"5","BOS",9,1.410598,39,56,33,262,16,68,33,9,7,25,48,4.78723404255319
"6","BOS",5,6.587132,245,437,590,2199,43,162,448,70,13,210,167,24.6710526315789
"7","BOS",4,6.286408,157,176,176,999,48,367,155,73,23,80,161,16.0694444444444
"8","BOS",2,1.8252,12,13,6,68,6,20,4,10,2,4,15,2.41379310344828
"9","BOS",0,4.743,46,146,85,515,45,175,64,35,18,68,142,6.58974358974359
"10","BOS",6,5,45,69,26,299,59,213,71,25,17,39,122,6.23076923076923
"11","BOS",1,1.223653,0,15,8,38,13,21,7,3,6,9,12,2.16
"12","BOS",3,3.094014,68,192,90,678,73,288,148,43,29,96,207,11.76
"13","BOS",2,3.57888,94,175,203,835,78,227,364,125,34,159,192,12.3670886075949
"14","BOS",1,1.90644,57,94,51,410,40,187,131,46,11,47,69,6.7972972972973
"15","BOS",4,8,0,78,22,178,43,81,42,7,21,20,61,5
"16","CLE",11,0.242224,0,0,0,0,0,0,0,0,0,0,2,0
"17","CLE",10,7.806971,137,101,63,676,37,253,45,33,37,53,138,9.93243243243243
"18","CLE",12,0.024022,0,3,3,9,1,1,1,0,0,1,1,5
"19","CLE",11,0.259626,22,46,21,179,1,44,86,6,6,40,42,8.29166666666667
"20","CLE",5,0.402043,21,33,27,156,3,54,14,5,2,14,27,6.2
"21","CLE",1,0.005145,0,3,0,6,4,6,1,0,6,2,3,19
"22","CLE",5,9.7,94,107,71,567,39,179,109,62,27,78,150,7.86842105263158
"23","CLE",12,12.8,95,28,10,351,17,96,62,40,11,26,77,7.63414634146341
"24","CLE",13,1.551659,31,13,13,132,3,34,14,6,10,10,37,2.79166666666667
"25","CLE",1,0.874636,18,40,27,161,6,35,19,8,6,14,31,3.2972972972973
"26","CLE",0,0.543471,7,55,35,166,3,38,58,18,7,30,38,3.57142857142857
"27","CLE",8,21.165675,145,225,257,1142,148,518,116,53,21,122,125,22.35
"28","CLE",13,5.239437,97,34,14,373,7,90,35,11,8,29,60,10.1714285714286
"29","CLE",5,17.638063,177,494,297,1816,52,178,418,83,24,180,157,22.375
"30","CLE",5,0.207722,0,1,2,4,3,1,0,1,1,2,5,1
"31","CLE",13,30.96345,124,612,358,1954,97,542,646,92,44,303,134,30.9594594594595
"32","CLE",15,2.5,62,91,80,448,28,175,78,26,10,52,153,6.26582278481013
"33","CLE",5,15.330435,0,262,106,630,286,429,77,39,84,64,176,15.3717948717949
"34","TOR",2,1.58964,2,4,0,14,5,5,4,2,1,2,4,2.11111111111111
"35","TOR",5,7.33,48,251,94,740,51,184,265,66,13,108,140,10.2625
"36","TOR",1,1.57728,10,39,42,150,16,32,57,27,11,25,31,6.96296296296296
"37","TOR",7,26.5401,33,688,545,2020,70,316,290,78,13,180,134,22.7162162162162
"38","TOR",7,14.2,109,111,89,638,63,212,74,81,27,54,143,9.48611111111111
"39","TOR",0,0.543471,11,28,18,107,4,38,35,16,3,15,36,3.02702702702703
"40","TOR",0,2.70396,0,67,31,165,78,87,12,17,20,29,113,5.11111111111111
"41","TOR",4,14.382022,1,390,176,959,226,533,57,37,63,106,216,17.7125
"42","TOR",10,12,193,233,299,1344,48,238,417,88,19,173,170,23.7166666666667
"43","TOR",2,1.92132,3,100,44,253,82,162,42,52,89,46,137,9.78947368421053
"44","TOR",1,0.874636,56,171,126,636,26,143,82,52,14,70,127,7.51315789473684
"45","TOR",5,5.3,24,28,11,139,23,106,26,31,5,14,53,9.79166666666667
"46","TOR",0,1.19604,1,102,22,229,64,121,17,26,45,33,109,6.49090909090909
"47","TOR",6,6.05,94,60,43,445,62,231,76,40,23,38,120,9.10769230769231
"48","TOR",7,12.25,41,87,30,327,29,127,15,7,33,39,76,14.9565217391304
"49","WAS",2,3.730653,45,62,71,330,14,66,21,10,4,38,47,10.5769230769231
"50","WAS",4,22.11675,223,414,282,1779,53,187,267,83,21,156,169,19.3376623376623
"51","WAS",7,1.2,11,18,12,81,8,36,108,15,0,22,32,6.26086956521739
"52","WAS",1,1.19148,0,0,1,1,0,2,0,1,0,1,0,0.5
"53","WAS",0,0.543471,0,12,0,24,5,17,3,2,0,3,17,1.63157894736842
"54","WAS",0,0.543471,0,0,0,0,0,1,0,0,0,0,0,1
"55","WAS",8,15.944154,0,65,43,173,47,103,19,33,24,34,90,9.25806451612903
"56","WAS",8,5,37,137,35,420,64,194,37,21,54,58,168,7.58108108108108
"57","WAS",6,16.9579,89,558,422,1805,59,267,831,157,49,322,151,25.0384615384615
"58","WAS",1,2.00664,54,132,75,501,61,200,47,58,17,50,195,7.0126582278481
"59","WAS",9,12,0,390,103,883,238,611,121,40,61,119,213,18.2317073170732
"60","WAS",5,7.4,71,335,180,1063,107,386,126,82,42,129,254,15.25
"61","WAS",3,5.893981,148,266,99,1075,118,396,121,116,42,44,193,17.6875
"62","WAS",0,2.870813,9,52,23,154,25,58,92,26,6,38,60,3.98245614035088
"63","WAS",3,3.386598,31,85,22,285,7,40,100,11,5,48,54,4.45614035087719
"64","ATL",0,1.49976,1,46,6,101,14,45,28,8,5,16,21,3.26315789473684
"65","ATL",3,2.708582,100,448,218,1414,42,206,499,74,16,258,149,16.3291139240506
"66","ATL",12,23.180275,0,388,226,1002,296,644,104,64,92,170,203,21.7432432432432
"67","ATL",8,8.4,32,61,52,270,42,109,43,22,8,34,73,12.0769230769231
"68","ATL",6,0.072193,0,0,4,4,0,1,1,0,0,0,1,-0.5
"69","ATL",11,0.392478,8,15,7,61,7,25,37,4,0,15,14,4.94117647058824
"70","ATL",4,15.730338,92,203,119,801,45,186,177,91,52,125,165,10.3013698630137
"71","ATL",12,4,19,68,64,257,60,146,29,15,21,28,69,6.33928571428571
"72","ATL",1,0.128623,1,2,2,9,1,6,6,1,0,4,6,1.2
"73","ATL",0,2.5,26,119,75,391,10,113,193,39,1,95,112,5.35616438356164
"74","ATL",14,4.8375,33,24,22,169,13,55,30,9,5,14,35,6.33333333333333
"75","ATL",3,1.015696,46,124,49,435,76,164,95,30,41,55,97,8.62857142857143
"76","ATL",10,20.072033,75,355,311,1246,111,422,252,90,62,158,186,20.1304347826087
"77","ATL",3,0.418228,4,4,5,25,1,17,8,4,5,4,5,2.1875
"78","ATL",0,2.31828,33,81,74,335,25,132,55,43,27,61,96,6.1864406779661
"79","ATL",10,3.85,41,133,55,444,54,216,107,96,31,58,97,10.4677419354839
"80","ATL",3,2.281605,149,266,164,1143,35,189,182,55,15,106,103,12.2278481012658
"81","MIL",1,0.051449,0,0,0,0,0,0,0,0,0,0,1,-0.5
"82","MIL",0,0.035166,1,7,3,20,0,12,13,3,4,10,9,4.33333333333333
"83","MIL",3,2.995421,49,607,471,1832,142,558,434,131,151,234,246,28.375
"84","MIL",6,17.1,0,387,177,951,167,365,187,92,38,140,168,15.5432098765432
"85","MIL",2,5.37432,65,334,162,1025,79,235,142,50,22,93,111,19.3921568627451
"86","MIL",17,1.551659,73,32,24,307,15,91,98,46,20,36,95,5.37837837837838
"87","MIL",4,12.517606,0,159,74,392,92,203,57,29,78,52,151,10.6206896551724
"88","MIL",4,15.2,45,105,81,426,11,112,99,41,7,65,79,15.0689655172414
"89","MIL",0,0.925,78,212,109,767,47,166,317,84,12,113,140,12.24
"90","MIL",3,9.6075,79,129,82,577,24,123,357,53,0,133,153,8.69736842105263
"91","MIL",8,1.403611,18,198,78,528,40,153,53,27,27,66,92,9.73214285714286
"92","MIL",4,12.5,0,30,22,82,23,30,18,11,9,22,48,3.125
"93","MIL",4,10.5,104,52,35,451,11,151,48,12,13,37,109,5.38571428571429
"94","MIL",1,1.81104,26,31,2,142,4,45,23,19,10,14,32,3.09756097560976
"95","MIL",9,6.348759,9,21,14,83,6,39,19,2,4,9,16,5.84210526315789
"96","MIL",10,1.551659,1,1,0,5,0,3,0,0,0,0,1,0.375
"97","MIL",4,0.236457,0,0,0,0,0,3,0,1,1,0,0,0.666666666666667
"98","MIL",0,2.5686,28,55,32,226,40,74,23,10,26,17,84,4.68421052631579
"99","MIL",3,2.368327,144,102,47,683,22,226,96,55,14,55,125,9.1875
"100","IND",8,2.7,48,73,32,322,18,51,125,25,9,66,93,4.56923076923077
"101","IND",12,10.230179,0,235,65,535,75,203,57,19,16,33,125,9.33333333333333
"102","IND",11,4.58345,169,112,84,815,30,199,48,46,25,40,151,9.8421052631579
"103","IND",0,0.65,1,8,2,21,2,15,5,3,0,5,6,0.608695652173913
"104","IND",2,1.0505,49,109,54,419,57,189,47,41,20,37,63,7.73913043478261
"105","IND",7,8.8,90,312,360,1254,33,297,639,100,32,216,165,19.2317073170732
"106","IND",1,1.052342,5,21,11,68,1,16,15,4,0,5,5,1.48484848484848
"107","IND",6,1.8,0,109,14,232,41,101,23,7,20,29,66,6.08163265306122
"108","IND",6,4,5,13,2,43,1,23,25,3,2,11,12,9.83333333333333
"109","IND",5,4,0,77,23,177,105,114,57,18,24,29,78,5.98360655737705
"110","IND",11,10.77,43,204,93,630,19,185,236,78,27,135,149,9.39189189189189
"111","IND",1,2.46384,40,404,245,1173,139,450,106,74,172,105,262,18.8395061728395
"112","IND",6,18.314532,195,427,336,1775,58,434,251,119,27,220,206,22.4
"113","IND",1,1.052342,0,19,21,59,26,30,4,3,6,8,37,3.03448275862069
"114","IND",9,7,19,72,80,281,6,78,84,16,0,53,44,5.94871794871795
"115","IND",9,14.153652,45,317,45,814,131,317,122,113,29,95,135,14.3918918918919
"116","CHI",8,3.488,6,6,11,41,1,1,6,2,0,0,4,3.77777777777778
"117","CHI",1,1.45368,32,151,39,437,75,221,35,16,11,37,94,8.53125
"118","CHI",1,2.11248,11,10,1,54,1,16,15,4,0,13,14,2.90909090909091
"119","CHI",1,0.874636,0,128,60,316,124,187,40,25,17,33,110,8.33333333333333
"120","CHI",0,2.0922,73,29,14,291,11,140,63,30,7,49,86,5.31578947368421
"121","CHI",13,23.2,45,369,223,1096,63,207,228,86,41,138,112,16.4
"122","CHI",3,1.015696,25,38,30,181,6,44,37,22,1,21,35,4.02564102564103
"123","CHI",1,1.64304,49,79,65,370,17,94,121,47,8,44,93,6.85714285714286
"124","CHI",5,17.552209,91,479,585,1816,129,341,417,143,32,159,112,25.6052631578947
"125","CHI",2,1.70972,6,31,9,89,21,47,19,7,0,16,12,5.3
"126","CHI",3,3.183526,15,97,58,297,24,129,113,38,23,66,102,7.66666666666667
"127","CHI",2,5.78245,129,129,99,744,61,323,75,53,55,80,128,11.9285714285714
"128","CHI",0,0.75,33,55,31,240,15,110,36,15,16,40,78,5.68181818181818
"129","CHI",1,0.425,0,0,0,0,0,1,0,0,0,0,0,0
"130","CHI",10,14,50,179,30,538,73,282,461,99,11,169,144,13.6666666666667
"131","CHI",8,13.21925,0,382,75,839,244,276,80,18,117,91,151,13.0987654320988
"132","MIA",4,2.898,85,196,82,729,18,135,200,42,20,103,95,13.3478260869565
"133","MIA",8,15.89,117,417,298,1483,62,217,423,89,13,212,199,19.2602739726027
"134","MIA",4,22.11675,0,542,225,1309,293,795,57,57,161,154,226,25.3766233766234
"135","MIA",7,4,87,281,152,975,66,310,276,76,86,171,197,15.1842105263158
"136","MIA",9,5.78245,13,31,6,107,23,51,50,10,4,23,31,6.59090909090909
"137","MIA",1,0.874636,75,127,60,539,35,133,140,60,39,65,132,10.4339622641509
"138","MIA",1,2.59344,7,73,29,196,23,71,66,26,6,33,52,10.6666666666667
"139","MIA",6,1.227,87,26,11,324,12,129,36,20,11,25,118,4.92647058823529
"140","MIA",0,0.374933,12,21,20,98,25,57,21,10,10,18,52,4.2
"141","MIA",0,0.543471,73,117,44,497,94,162,124,46,18,56,140,7.53846153846154
"142","MIA",2,5.628,93,264,195,1002,50,243,233,84,44,90,176,14.2465753424658
"143","MIA",13,4,0,11,9,31,8,28,6,6,1,8,22,3.375
"144","MIA",7,6,149,82,37,648,18,114,70,35,4,30,70,8.53225806451613
"145","MIA",1,1.015696,1,161,49,374,129,203,26,18,47,31,137,8.50704225352113
"146","DET",4,22.11675,2,481,137,1105,345,770,90,124,89,152,237,21.2962962962963
"147","DET",4,6.5,0,143,79,365,111,222,32,17,39,50,166,7.8
"148","DET",12,1.551659,11,81,32,227,6,51,131,13,0,36,29,7.30769230769231
"149","DET",1,7,0,72,47,191,46,84,9,6,12,10,25,7.62857142857143
"150","DET",1,0.874636,12,35,21,127,2,31,33,11,2,28,39,2.35897435897436
"151","DET",0,1.70412,10,13,4,60,8,33,7,1,1,14,6,2.68421052631579
"152","DET",6,6,28,301,72,758,21,214,418,61,33,112,127,11.641975308642
"153","DET",5,10.991957,49,261,98,767,102,300,111,31,26,66,145,12.2666666666667
"154","DET",3,3.678319,153,217,154,1047,55,193,193,89,12,86,118,12.0263157894737
"155","DET",5,4.625,118,303,145,1105,77,289,160,52,25,87,168,12.5949367088608
"156","DET",0,0.65,0,1,2,4,2,1,2,0,0,0,2,0
"157","DET",3,2.255644,28,26,5,141,13,51,29,18,3,10,22,5.45161290322581
"158","DET",5,14.956522,66,218,118,752,21,93,270,35,5,114,129,12.5192307692308
"159","DET",1,2.96988,45,84,36,339,36,153,105,56,24,71,121,5.05194805194805
"160","DET",5,17.2,109,402,190,1321,63,353,142,60,39,96,133,15.780487804878
"161","CHO",1,0.375579,0,0,1,1,0,3,3,0,0,0,2,0.4
"162","CHO",4,1.050961,17,29,33,142,5,34,52,9,1,26,18,3.29268292682927
"163","CHO",1,0.231521,1,19,9,50,8,14,16,9,0,5,12,4.76923076923077
"164","CHO",1,0.874636,0,12,11,35,14,15,2,3,6,7,11,4.07692307692308
"165","CHO",3,5.318313,0,253,133,639,135,270,99,62,58,65,189,15.241935483871
"166","CHO",1,2.73,116,204,118,874,57,279,162,46,34,76,139,11.4133333333333
"167","CHO",4,6.511628,41,185,110,603,30,234,75,27,23,40,98,10.7741935483871
"168","CHO",2,0.276827,1,7,1,18,4,4,4,0,0,3,6,4.75
"169","CHO",5,12,240,403,304,1830,45,263,434,85,22,168,119,20.8860759493671
"170","CHO",9,6.333333,102,162,150,780,14,164,147,44,9,70,90,9.71621621621622
"171","CHO",11,12.25,124,173,131,849,89,411,106,58,53,60,134,14.2105263157895
"172","CHO",4,13,1,294,152,743,156,409,114,81,77,56,187,14.3086419753086
"173","CHO",0,0.138938,0,1,0,2,2,1,1,0,0,1,2,1
"174","CHO",8,20.869566,135,258,243,1164,46,435,456,86,29,194,109,18.1688311688312
"175","CHO",9,6,21,79,91,312,11,62,129,27,3,46,43,6.16
"176","CHO",0,0.543471,9,10,10,57,5,17,6,6,1,3,18,2.33333333333333
"177","NYK",13,24.55938,151,451,304,1659,62,376,213,60,34,153,198,18.9594594594595
"178","NYK",0,0.24386,10,18,29,95,6,21,28,6,1,16,28,5.27777777777778
"179","NYK",8,11.242,108,213,85,835,53,206,179,81,24,69,141,11.8571428571429
"180","NYK",7,21.32325,13,447,221,1154,66,180,283,44,17,147,84,16.375
"181","NYK",9,17,0,99,34,232,162,241,103,30,37,58,127,13.0434782608696
"182","NYK",3,1.015696,97,136,66,629,27,198,102,65,31,66,109,8.13414634146342
"183","NYK",1,4.31772,112,331,198,1196,111,364,97,47,129,118,244,18.6363636363636
"184","NYK",4,3.9,2,213,64,496,157,282,117,36,104,76,174,11.379746835443
"185","NYK",5,6.191,38,59,43,275,32,110,35,21,5,25,85,6.47826086956522
"186","NYK",0,0.543471,0,16,8,40,23,28,10,4,4,12,23,3.42857142857143
"187","NYK",0,0.543471,1,38,19,98,22,42,8,15,8,12,30,3.96875
"188","NYK",0,2.898,54,104,55,425,47,79,69,29,11,51,79,5.66176470588235
"189","NYK",0,0.543471,23,59,28,215,12,86,107,34,8,56,74,4.92307692307692
"190","NYK",9,1.410598,23,19,17,124,12,47,52,13,2,16,38,3.16666666666667
"191","NYK",0,1.375,4,242,91,587,170,332,96,41,36,100,150,12.625
"192","ORL",2,4.35132,77,316,156,1019,116,289,150,65,40,89,172,13.2125
"193","ORL",1,0.051449,1,3,0,9,2,5,2,0,0,1,2,6
"194","ORL",2,0.440078,0,2,0,4,2,4,2,0,1,2,3,1.125
"195","ORL",5,17,0,179,125,483,157,410,74,25,91,95,202,10.8148148148148
"196","ORL",9,5,32,64,57,281,16,73,114,43,2,47,84,5.17741935483871
"197","ORL",2,1.20968,3,5,2,21,4,8,12,2,1,6,8,0.863636363636364
"198","ORL",8,7.25,95,100,131,616,15,102,209,31,1,90,101,6.82051282051282
"199","ORL",2,0.980431,20,11,0,82,5,20,20,12,1,9,31,1.64444444444444
"200","ORL",2,2.6136,40,390,146,1046,89,298,529,88,40,178,177,16.6463414634146
"201","ORL",4,17,128,280,223,1167,44,165,202,66,4,141,180,13.6911764705882
"202","ORL",8,15,53,167,145,638,39,175,81,37,13,75,103,7.92753623188406
"203","ORL",7,6.54,56,47,65,327,5,72,45,34,4,36,41,8.02777777777778
"204","ORL",0,0.031969,1,1,9,14,1,8,3,1,0,2,5,3.8
"205","ORL",1,3.90984,43,74,40,317,20,126,62,30,15,58,74,4.44615384615385
"206","ORL",5,11.75,23,460,107,1096,176,603,208,76,74,117,180,20.2
"207","ORL",0,0.031969,0,0,0,0,1,6,0,0,0,3,4,-0.6
"208","ORL",0,0.95,0,10,3,23,11,24,4,2,5,3,17,2.26315789473684
"209","ORL",4,10,46,69,23,299,4,64,43,34,13,35,61,11.0833333333333
"210","PHI",0,0.038903,6,19,8,64,11,18,5,3,2,3,14,11.5
"211","PHI",0,2.31828,106,275,172,1040,112,401,182,57,30,183,162,12.9012345679012
"212","PHI",7,9,61,173,133,662,34,151,112,40,15,62,129,8.34722222222222
"213","PHI",3,0.442126,26,40,13,171,15,69,26,14,6,9,55,6.19354838709677
"214","PHI",1,4.78884,0,242,106,590,81,159,58,20,49,91,122,11.7
"215","PHI",8,9.424084,2,9,9,33,3,9,13,0,0,9,4,9
"216","PHI",0,4.82616,36,164,191,627,61,182,66,27,76,117,112,20.6451612903226
"217","PHI",1,1.51416,21,54,32,203,30,66,34,13,7,26,45,9.625
"218","PHI",2,0.057672,2,3,0,12,2,3,2,0,0,4,2,2.66666666666667
"219","PHI",2,2.99304,132,119,122,756,21,205,188,45,32,128,144,8.85
"220","PHI",1,1.025831,27,203,72,559,94,217,58,42,55,55,136,13.280701754386
"221","PHI",3,1.015696,137,155,143,864,92,344,102,127,69,131,203,14.865671641791
"222","PHI",4,8,92,118,18,530,21,136,344,49,4,128,95,9.13235294117647
"223","PHI",0,0.096969,7,54,19,148,41,44,13,9,9,13,49,10.3888888888889
"224","PHI",1,0.874636,11,225,73,556,39,212,534,134,10,159,139,12.7530864197531
"225","PHI",6,8.55,2,12,9,39,8,14,4,1,1,6,8,5.25
"226","PHI",0,1.32696,50,95,105,445,25,124,75,32,10,73,154,5.85507246376812
"227","BRK",4,6.088993,2,11,2,30,4,23,3,5,0,6,18,3.8
"228","BRK",3,1.015696,13,25,26,115,25,53,12,5,3,12,18,5.95652173913043
"229","BRK",3,0.194494,4,30,23,95,7,21,23,4,4,14,7,8.66666666666667
"230","BRK",8,21.165675,134,421,295,1539,121,282,176,38,124,184,192,18.8
"231","BRK",0,1.56228,59,112,67,468,23,165,110,49,8,59,91,9.28070175438597
"232","BRK",6,4.347826,1,1,2,7,0,2,5,1,1,1,6,2.66666666666667
"233","BRK",0,1.074145,44,160,91,543,32,152,192,42,36,142,175,7.24657534246575
"234","BRK",6,11.483254,58,117,115,523,11,124,184,42,14,86,79,15.5833333333333
"235","BRK",2,0.980431,85,69,35,428,16,131,54,30,8,55,121,7.5
"236","BRK",2,3,55,119,39,442,71,191,55,29,43,43,91,8.90625
"237","BRK",2,3.333333,11,35,23,126,9,43,9,12,10,19,25,6.5
"238","BRK",9,5,17,54,25,184,51,88,37,14,4,34,63,7
"239","BRK",4,1.914544,36,29,43,209,18,89,18,14,15,19,58,7.5625
"240","BRK",10,2.5,67,51,54,357,9,146,135,35,9,80,99,5.72463768115942
"241","BRK",1,1.3956,15,220,190,675,96,356,154,82,44,116,177,11.8076923076923
"242","BRK",2,0.980431,105,200,204,919,22,258,157,45,6,135,118,11.4857142857143
"243","BRK",2,0.726672,38,96,126,432,27,137,185,44,23,66,119,9.84745762711864
"244","BRK",6,9.25,25,280,74,709,143,428,138,75,28,127,152,15.0985915492958
"245","BRK",0,0.2023,8,10,10,54,4,8,17,2,2,14,11,3.6
"246","GSW",12,1.551659,0,5,8,18,12,15,10,3,3,8,16,2.92857142857143
"247","GSW",12,11.131368,64,155,72,574,51,253,261,76,39,58,97,12.7631578947368
"248","GSW",0,1.17156,0,8,3,19,9,14,0,1,4,6,15,2.6
"249","GSW",13,1.551659,3,132,43,316,47,156,151,42,48,78,105,8.11764705882353
"250","GSW",4,15.330435,81,191,151,776,98,501,533,154,106,184,217,20.3157894736842
"251","GSW",3,1.015696,61,150,44,527,22,99,90,39,8,55,77,6.41558441558442
"252","GSW",2,0.980431,2,60,21,147,34,57,18,18,29,19,47,4
"253","GSW",8,1.403611,0,208,56,472,100,144,17,19,67,40,109,7.96103896103896
"254","GSW",9,26.5401,117,434,336,1555,39,474,300,66,99,138,117,30.1935483870968
"255","GSW",1,1.18284,2,54,21,135,44,80,29,15,17,17,64,4.50943396226415
"256","GSW",5,16.663575,268,376,186,1742,49,236,160,66,40,128,139,17.9615384615385
"257","GSW",13,0.383351,18,20,20,114,15,76,45,12,9,24,47,9.6
"258","GSW",0,0.543471,41,65,29,282,21,79,77,32,15,36,62,4.54929577464789
"259","GSW",11,5.78245,1,172,42,389,28,123,139,38,20,62,120,6.76315789473684
"260","GSW",7,12.112359,324,351,325,1999,61,292,524,142,17,239,183,25.2025316455696
"261","GSW",13,2.898,0,164,98,426,140,270,132,59,33,87,166,11.4571428571429
"262","SAS",0,0.543471,17,19,5,94,2,21,23,1,0,11,20,1.83333333333333
"263","SAS",7,10,118,58,27,497,31,193,124,70,57,76,120,9.08823529411765
"264","SAS",11,1.551659,0,248,80,576,149,292,124,31,40,82,125,11.7088607594937
"265","SAS",0,0.543471,69,34,28,303,22,76,46,20,28,32,75,4.86567164179105
"266","SAS",0,1.18008,9,41,21,130,6,36,48,8,6,38,29,3.18421052631579
"267","SAS",3,2.898,0,161,65,387,129,367,44,37,61,61,180,11.0263157894737
"268","SAS",9,0.66381,0,10,5,25,8,23,3,2,6,4,11,2.84210526315789
"269","SAS",1,0.874636,30,147,99,483,20,140,126,47,25,76,146,6.25641025641026
"270","SAS",5,17.638063,147,489,469,1888,80,350,260,133,55,154,122,25.2972972972973
"271","SAS",2,1.19208,15,78,45,246,33,175,91,51,26,39,63,6.31944444444444
"272","SAS",10,20.575005,23,477,220,1243,172,351,139,46,88,98,158,18.625
"273","SAS",14,14,89,82,86,517,28,129,183,82,16,96,119,8.26086956521739
"274","SAS",0,0.210995,10,10,9,59,1,9,28,4,1,19,19,3.11111111111111
"275","SAS",7,3.578948,147,126,66,759,24,117,280,65,3,101,109,9.8125
"276","SAS",15,15.5,56,247,130,792,107,394,150,24,70,81,110,17.203125
"277","SAS",15,14.445313,23,242,85,638,9,104,285,34,2,89,92,10.2698412698413
"278","HOU",2,0.934293,14,9,2,62,0,6,14,1,0,5,5,1.64
"279","HOU",0,0.543471,0,5,4,14,2,8,3,3,1,4,6,5
"280","HOU",2,1.29624,0,362,94,818,178,348,63,34,79,87,179,17.6769230769231
"281","HOU",8,12.385364,246,166,147,1217,29,172,188,48,41,121,150,12.56
"282","HOU",0,0.305,0,1,1,3,1,2,3,1,1,0,6,1
"283","HOU",7,26.5401,262,412,746,2356,95,564,907,121,38,464,215,32.3827160493827
"284","HOU",11,7,41,61,98,343,12,58,56,15,9,40,25,12
"285","HOU",1,1.045,1,224,76,527,81,138,64,20,42,44,126,11.4310344827586
"286","HOU",14,2.898,3,242,116,609,95,187,65,56,39,73,163,11.1194029850746
"287","HOU",4,6,110,118,73,639,95,298,281,99,25,100,222,14.9253731343284
"288","HOU",8,18.735364,204,119,129,979,112,218,68,31,14,55,142,12.4444444444444
"289","HOU",1,1.72056,60,143,38,504,94,190,76,38,21,41,83,8.12987012987013
"290","HOU",12,7.806971,191,135,93,936,54,404,175,147,20,73,133,14.475
"291","HOU",0,0.181969,8,14,6,58,9,15,6,3,1,6,18,10.5
"292","LAC",7,1.315448,14,16,12,86,3,21,11,3,0,7,35,2.1
"293","LAC",4,11,111,212,132,889,20,141,204,48,10,115,187,9.86486486486486
"294","LAC",6,20.140838,38,441,320,1316,112,385,300,57,22,142,157,23.8852459016393
"295","LAC",11,1.551659,1,106,77,292,43,86,21,14,11,29,45,6.69230769230769
"296","LAC",0,1.27392,0,2,0,4,1,2,1,2,1,1,0,1.66666666666667
"297","LAC",11,22.868827,124,250,232,1104,40,264,563,119,8,147,146,24.7868852459016
"298","LAC",8,21.165675,0,412,205,1029,298,816,96,51,134,115,212,23.7530864197531
"299","LAC",0,0.543471,0,3,4,10,1,5,0,0,1,2,5,0.714285714285714
"300","LAC",10,7.3775,201,195,180,1173,11,160,110,54,13,98,125,11.6282051282051
"301","LAC",16,13.253012,116,243,174,1008,17,112,214,61,14,134,115,9.17073170731707
"302","LAC",8,2.203,43,148,59,484,44,126,39,81,35,46,122,6.85
"303","LAC",8,1.403611,103,141,120,711,88,285,65,23,41,69,229,10.0365853658537
"304","LAC",18,3.5,15,13,10,81,1,47,10,4,5,16,40,3.48
"305","LAC",11,1.551659,46,175,50,538,33,185,191,66,22,83,125,8.0625
"306","LAC",6,5.628,29,44,11,186,26,155,23,29,30,18,83,4.38235294117647
"307","UTA",5,10.154495,25,74,60,283,17,103,30,18,5,35,50,6.04761904761905
"308","UTA",13,7,20,126,26,338,46,112,170,18,9,87,83,5.6986301369863
"309","UTA",1,3.94032,44,111,58,412,30,102,111,21,12,80,146,5.83333333333333
"310","UTA",6,11.05,3,200,67,476,92,213,56,45,40,60,103,12.12
"311","UTA",8,8,94,195,157,829,23,144,204,50,11,85,114,16.734693877551
"312","UTA",6,16.07314,149,396,362,1601,49,345,252,73,20,140,117,20.8493150684932
"313","UTA",3,1.015696,0,55,36,146,52,69,7,16,32,14,52,4.86274509803922
"314","UTA",2,2.25,123,81,50,581,23,238,225,96,8,107,163,9.74390243902439
"315","UTA",15,11,106,167,63,715,33,210,144,36,18,69,93,9.23076923076923
"316","UTA",0,0.6,1,8,3,22,4,13,2,1,2,2,1,2.66666666666667
"317","UTA",1,0.9378,10,31,8,100,4,26,34,21,5,15,48,3.1
"318","UTA",2,1.40652,114,158,90,748,16,186,96,38,11,65,132,10.3559322033898
"319","UTA",3,2.121288,0,413,311,1137,314,721,97,49,214,147,246,24.7901234567901
"320","UTA",5,2.433334,37,133,53,430,20,105,154,42,3,90,100,7.8
"321","UTA",1,2.3406,65,94,57,440,48,187,69,26,20,64,97,5.97183098591549
"322","OKC",0,5.994764,94,40,44,406,18,68,40,37,8,33,114,4.88235294117647
"323","OKC",3,2.183072,45,170,47,522,98,305,79,94,79,51,204,10.3037974683544
"324","OKC",0,2.4402,51,141,44,479,46,242,82,39,32,83,200,6.48148148148148
"325","OKC",2,2.48304,21,35,12,145,6,43,13,2,1,6,22,5.95454545454545
"326","OKC",5,17.145838,5,397,224,1033,195,287,67,32,38,123,154,15.7361111111111
"327","OKC",2,0.980431,43,103,86,421,38,161,46,33,75,41,144,6.6025641025641
"328","OKC",1,1.19148,2,4,0,14,4,5,3,0,3,0,0,11.5
"329","OKC",4,4.8375,7,27,13,88,8,40,9,7,5,11,29,2.90625
"330","OKC",12,3.75,0,14,5,33,9,22,12,2,2,4,17,3.2
"331","OKC",5,0.247991,3,13,8,43,0,11,14,8,0,7,18,2.38461538461538
"332","OKC",8,26.5401,200,624,710,2558,137,727,840,132,31,438,190,33.8271604938272
"333","OKC",0,0.543471,12,65,17,183,19,68,130,28,7,43,79,3.625
"334","OKC",3,3.140517,0,374,157,905,281,332,86,89,78,146,195,15.55
"335","OKC",7,8.95,1,88,28,207,38,65,13,14,15,28,40,9.69565217391304
"336","OKC",3,6.55296,127,285,116,1067,39,252,176,78,21,119,155,14.2686567164179
"337","MEM",0,0.945,43,74,148,425,23,113,198,53,21,85,194,6.375
"338","MEM",8,5.7,0,83,23,189,31,47,15,11,20,10,42,8.53571428571429
"339","MEM",5,22.11675,25,50,35,210,6,78,55,20,5,24,52,5.73529411764706
"340","MEM",0,1.369229,0,24,10,58,20,40,2,3,17,8,40,2.80555555555556
"341","MEM",2,2.898,51,95,86,429,69,190,64,46,19,59,165,8.734375
"342","MEM",2,0.980431,55,195,134,689,167,377,84,47,34,94,248,13.2597402597403
"343","MEM",1,1.28616,9,49,40,165,42,120,8,17,9,28,91,5.47619047619048
"344","MEM",8,21.165675,104,428,278,1446,60,404,338,67,99,166,171,21.1621621621622
"345","MEM",9,26.5401,171,293,316,1415,31,210,433,92,19,156,126,20.9710144927536
"346","MEM",7,0.603558,7,36,24,117,13,48,56,18,5,21,50,6.54166666666667
"347","MEM",12,5.505618,15,259,80,643,166,225,98,115,29,100,178,11.3380281690141
"348","MEM",3,3.33294,138,47,43,551,22,78,46,20,4,45,90,5.29850746268657
"349","MEM",18,4.264057,112,81,88,586,36,191,133,60,36,50,163,9.15068493150685
"350","MEM",0,1.79376,3,33,31,106,11,35,61,18,7,39,40,3.45454545454545
"351","MEM",0,0.083119,3,17,12,55,1,10,12,4,1,9,12,3.45454545454545
"352","MEM",15,10.361445,21,412,141,1028,182,416,122,38,10,99,136,15.2602739726027
"353","POR",6,7.680965,70,113,96,532,77,374,99,60,44,94,102,12.6065573770492
"354","POR",3,18.5,134,169,105,845,19,207,94,54,20,62,171,10.3037974683544
"355","POR",3,3.219579,185,507,268,1837,60,229,285,72,42,172,202,19.725
"356","POR",4,24.328425,214,447,488,2024,46,322,440,68,20,197,152,24.52
"357","POR",6,6.666667,0,75,50,200,96,148,26,15,22,37,137,8.08695652173913
"358","POR",6,16.393443,31,204,85,586,36,211,205,53,24,100,121,10.4615384615385
"359","POR",0,0.6,13,13,13,78,6,18,11,9,3,11,22,1.34285714285714
"360","POR",2,1.92132,0,120,64,304,65,142,63,25,38,62,73,21.3
"361","POR",4,8.988764,68,246,77,773,125,216,88,85,70,86,214,11.8701298701299
"362","POR",4,9.213484,74,72,35,401,27,210,71,13,28,35,172,6.45945945945946
"363","POR",2,2.75136,7,123,60,327,131,256,31,30,27,64,154,7.62162162162162
"364","POR",1,0.874636,17,20,7,98,10,42,28,6,2,17,23,3.38461538461538
"365","POR",2,1.35012,34,39,38,218,8,53,67,32,2,41,38,4.11320754716981
"366","DEN",7,0.495227,0,3,5,11,4,11,6,5,1,4,14,1.46153846153846
"367","DEN",7,15.05,126,209,349,1145,39,286,135,40,15,82,93,17.8571428571429
"368","DEN",7,8.070175,53,42,19,262,25,87,42,19,21,36,76,7.24390243902439
"369","DEN",1,3.2418,56,152,131,603,29,149,217,41,13,123,95,10
"370","DEN",2,1.65588,107,213,104,851,48,130,164,71,8,76,92,14.8947368421053
"371","DEN",0,3.21084,115,180,106,811,41,173,170,51,24,113,124,8.63414634146342
"372","DEN",12,4.540525,106,162,45,687,28,164,385,54,8,128,197,11.2533333333333
"373","DEN",2,0.15,0,1,1,3,1,1,2,1,0,0,3,3.5
"374","DEN",0,1.98744,46,55,57,305,43,144,29,30,12,31,62,6.29032258064516
"375","DEN",5,12.078652,0,228,131,587,183,279,55,43,40,59,124,14.4590163934426
"376","DEN",0,1.62732,9,24,8,83,5,12,11,7,0,8,10,3.09090909090909
"377","DEN",3,2.32853,0,99,47,245,50,123,70,19,29,46,77,14.037037037037
"378","DEN",16,3.5,8,1,2,28,2,36,22,2,0,13,9,3.15
"379","DEN",1,1.3585,45,449,188,1221,212,506,359,61,55,171,214,25.2465753424658
"380","DEN",8,5,0,2,0,4,1,1,1,0,2,1,3,1.16666666666667
"381","DEN",4,3.533333,87,208,143,820,58,201,206,48,28,97,110,14.1
"382","DEN",8,11.2,110,323,141,1117,103,357,141,51,30,114,172,15.8591549295775
"383","NOP",6,4.6,0,89,29,207,46,131,12,20,22,31,77,7.87179487179487
"384","NOP",4,22.11675,40,730,519,2099,172,712,157,94,167,181,168,31.1466666666667
"385","NOP",0,0.543471,0,36,15,87,23,50,4,4,7,7,17,7.17647058823529
"386","NOP",7,2.97825,71,103,16,435,56,221,37,39,28,28,100,8.96969696969697
"387","NOP",6,16.9579,36,106,94,414,37,174,66,25,19,62,75,27.8823529411765
"388","NOP",4,0.576724,11,46,25,150,26,75,32,18,11,31,55,5.17647058823529
"389","NOP",5,8.081363,77,206,57,700,33,119,164,50,32,62,131,9.35616438356164
"390","NOP",11,0.091274,0,2,2,6,0,0,5,2,0,3,4,4.5
"391","NOP",4,0.234915,37,68,20,267,4,30,57,11,2,25,30,11.9473684210526
"392","NOP",7,11.286518,100,305,119,1029,46,218,488,100,44,194,133,17.8208955223881
"393","NOP",6,9.904494,0,31,23,85,48,115,15,5,10,14,51,6.90322580645161
"394","NOP",7,3,2,3,0,12,1,1,0,0,0,2,3,8
"395","NOP",0,0.079922,6,16,2,52,1,3,14,3,0,5,7,5.33333333333333
"396","NOP",6,0.252676,5,3,6,27,2,4,4,3,0,0,2,4
"397","NOP",3,11.241218,94,89,103,563,51,256,141,72,32,82,182,8.9125
"398","NOP",2,2.09,40,123,98,464,34,139,335,56,6,101,133,10.1692307692308
"399","DAL",0,0.65,5,12,9,48,8,28,4,1,13,10,21,2.54545454545455
"400","DAL",0,0.031969,0,0,0,0,0,2,0,0,0,1,1,-0.666666666666667
"401","DAL",3,1.015696,0,3,2,8,3,4,0,2,0,0,3,13
"402","DAL",12,4.228,58,78,107,437,11,116,136,43,7,57,101,7.16923076923077
"403","DAL",18,25,79,217,98,769,23,330,82,30,38,51,113,15.2777777777778
"404","DAL",0,0.543471,56,68,46,350,55,167,67,52,25,45,125,5.51851851851852
"405","DAL",2,8.375,21,173,107,516,93,213,49,61,39,34,135,9.35064935064935
"406","DAL",4,22.11675,78,521,242,1518,93,301,116,65,15,102,128,16.2784810126582
"407","DAL",10,4.09695,53,89,44,381,9,75,193,14,1,63,30,11.4857142857143
"408","DAL",0,0.063938,3,13,5,40,8,14,9,2,4,3,8,5.55555555555556
"409","DAL",0,0.680937,15,20,21,106,1,21,26,8,0,21,21,4.29411764705882
"410","DAL",3,0.119494,0,3,2,8,3,6,2,0,0,2,1,0.75
"411","DAL",2,4.38449,0,77,34,188,47,103,20,22,24,22,55,14.1363636363636
"412","DAL",0,0.543471,29,23,17,150,26,69,47,17,8,26,43,3.64814814814815
"413","DAL",0,0.105498,3,10,6,35,1,8,19,2,0,3,5,4.375
"414","DAL",1,0.874636,1,87,36,213,97,211,14,32,61,40,152,7.04109589041096
"415","DAL",3,2.898,137,201,85,898,25,154,189,79,7,92,126,12.5714285714286
"416","DAL",7,17.1,174,159,146,986,18,241,210,77,15,102,161,12.3013698630137
"417","SAC",8,8,90,65,61,461,51,186,77,34,20,56,109,8.55384615384615
"418","SAC",9,12.5,62,123,83,515,9,116,78,21,6,42,104,7.50819672131148
"419","SAC",3,4.008882,65,115,70,495,19,110,51,29,6,62,108,6.32786885245902
"420","SAC",0,3.5172,59,83,35,378,16,87,44,20,2,53,34,13.28
"421","SAC",7,5.229454,73,267,147,900,23,129,312,67,9,114,119,13.6470588235294
"422","SAC",6,8,82,101,58,506,32,152,168,84,28,78,141,9.64615384615385
"423","SAC",0,2.20224,0,56,12,124,24,62,20,3,17,24,44,8.09090909090909
"424","SAC",9,0.082979,4,0,0,12,1,2,9,2,0,3,1,7.5
"425","SAC",8,8.0465,0,216,38,470,118,285,47,36,48,61,172,10.4647887323944
"426","SAC",2,5.2,19,23,11,114,7,28,28,6,1,18,20,5.42105263157895
"427","SAC",0,1.43988,8,20,15,79,3,20,11,5,1,8,23,3.04545454545455
"428","SAC",10,13.333333,42,159,118,562,35,155,83,44,26,74,79,19
"429","SAC",0,1.18884,3,114,52,289,51,111,27,16,13,37,64,10.5151515151515
"430","SAC",7,1.315448,34,203,173,681,44,135,334,74,6,129,119,11.8260869565217
"431","SAC",7,10.661286,21,38,24,163,7,44,33,12,5,22,19,10.5714285714286
"432","SAC",1,3.55116,0,255,101,611,85,254,80,53,44,69,147,10.4266666666667
"433","MIN",2,2.02224,3,20,14,63,9,24,7,8,7,8,32,4.11111111111111
"434","MIN",2,6.0066,103,606,412,1933,102,226,189,82,30,187,183,16.8780487804878
"435","MIN",8,3.5,44,26,13,197,16,83,45,22,23,28,42,5.02127659574468
"436","MIN",6,7.643979,0,45,15,105,51,107,25,25,23,17,85,4.37096774193548
"437","MIN",3,2.348783,16,316,136,816,188,459,158,88,95,107,254,16.3048780487805
"438","MIN",7,0.635753,0,1,0,2,0,0,1,2,0,0,0,0.4
"439","MIN",7,3.91138,0,5,2,12,8,6,0,1,0,4,9,2.14285714285714
"440","MIN",1,5.96016,101,701,356,2061,296,711,220,56,103,212,241,30.3048780487805
"441","MIN",0,3.87252,21,97,36,293,24,142,188,78,36,89,178,5.82051282051282
"442","MIN",1,3.8,56,95,45,403,57,187,79,40,20,59,154,7.78461538461538
"443","MIN",5,13.55,60,201,254,836,68,237,682,128,10,195,202,17.9466666666667
"444","MIN",3,3.046299,49,239,147,772,84,136,35,22,6,56,86,8.28205128205128
"445","MIN",1,1.33968,26,49,33,209,10,57,156,48,5,38,50,5.51666666666667
"446","MIN",2,2.24088,120,206,117,889,19,141,139,41,10,85,104,15.8936170212766
"447","LAL",0,5.28168,55,221,133,740,60,256,166,50,36,116,158,8.87341772151899
"448","LAL",9,7.6,5,48,18,129,11,41,36,24,8,19,29,6.5
"449","LAL",1,5.3328,135,216,147,984,31,190,303,87,16,176,130,13.9365079365079
"450","LAL",0,0.137466,1,46,25,120,17,46,14,13,7,11,36,7.9
"451","LAL",0,1.034956,0,126,32,284,41,118,30,14,33,30,66,9.5
"452","LAL",2,12.5,117,360,134,1205,49,197,213,88,8,164,150,11.8048780487805
"453","LAL",2,3.26712,17,360,204,975,150,486,264,49,37,173,248,17.7567567567568
"454","LAL",12,18,51,113,46,425,63,232,74,48,20,43,61,9.67857142857143
"455","LAL",16,1.551659,9,10,10,57,5,15,11,10,2,7,18,1.52
"456","LAL",9,5.443918,170,102,77,791,25,113,58,37,14,36,137,10.4666666666667
"457","LAL",2,6.191,1,149,82,383,144,199,39,29,44,58,173,9.08955223880597
"458","LAL",4,1.050961,0,105,31,241,84,139,31,26,9,46,76,7.45833333333333
"459","LAL",6,16,0,169,63,401,104,160,43,16,31,72,133,9.42592592592593
"460","LAL",2,1.73388,21,44,19,170,5,21,52,19,2,21,29,7.54545454545455
"461","PHO",1,0.874636,0,138,70,346,94,198,23,27,32,37,125,10.8936170212766
"462","PHO",3,4.823621,3,227,150,613,156,354,44,38,98,102,242,11.8181818181818
"463","PHO",5,12.60625,45,164,132,595,25,93,130,27,5,88,87,8.31481481481481
"464","PHO",0,0.543471,3,65,29,168,39,40,12,14,13,13,63,6.5
"465","PHO",1,2.2236,147,459,367,1726,46,203,268,72,21,241,242,15.3333333333333
"466","PHO",0,4.27632,28,29,4,146,23,80,23,10,22,32,74,3.74418604651163
"467","PHO",2,0.023069,0,1,1,3,3,3,1,0,0,2,2,0.5
"468","PHO",6,14,104,345,388,1390,52,268,418,91,31,224,164,20.7727272727273
"469","PHO",9,10.47,77,80,43,434,31,194,121,42,16,73,154,8.65625
"470","PHO",1,0.102898,4,2,8,24,1,6,0,1,0,1,1,3.4
"471","PHO",4,0.469841,1,1,2,7,0,1,1,0,0,0,0,1.5
"472","PHO",13,4,35,137,40,419,15,89,81,31,8,48,82,5.52238805970149
"473","PHO",0,2.94144,72,212,113,753,96,252,60,67,70,108,263,9.4390243902439
"474","PHO",11,0.465143,3,1,3,14,3,8,18,11,1,3,14,2.21428571428571
"475","PHO",2,2.12892,26,377,119,951,125,214,75,76,39,57,175,14.8030303030303
"476","PHO",0,0.918369,21,163,55,444,20,75,226,48,5,77,73,7.73770491803279
"477","PHO",15,12.415,0,153,91,397,153,386,30,33,24,65,126,18.0851063829787
